[
	{
		"name": "Jared Hall",
		"phone": "(812) 179-4776",
		"email": "sollicitudin@outlook.ca",
		"address": "601 Mauris Rd."
	},
	{
		"name": "Gabriel Newman",
		"phone": "(637) 566-5416",
		"email": "tortor.dictum@aol.net",
		"address": "P.O. Box 608, 3829 Tortor. St."
	},
	{
		"name": "Velma Gallagher",
		"phone": "1-771-678-3311",
		"email": "varius@google.couk",
		"address": "Ap #376-7259 Lobortis Rd."
	},
	{
		"name": "Germaine Woodward",
		"phone": "(113) 768-4931",
		"email": "fringilla@google.couk",
		"address": "811-226 Elit St."
	},
	{
		"name": "Aspen Witt",
		"phone": "1-366-241-7707",
		"email": "senectus.et@aol.com",
		"address": "Ap #379-2134 A Avenue"
	},
	{
		"name": "Hilary Clayton",
		"phone": "(375) 680-3761",
		"email": "at.pretium@hotmail.edu",
		"address": "232-4810 Varius St."
	},
	{
		"name": "Ferdinand Ortiz",
		"phone": "1-628-652-1483",
		"email": "eros.nec@icloud.edu",
		"address": "Ap #529-416 Vitae Avenue"
	},
	{
		"name": "Emery Snyder",
		"phone": "(308) 588-0211",
		"email": "non@google.com",
		"address": "173-2557 Magnis Avenue"
	},
	{
		"name": "Clinton Andrews",
		"phone": "(372) 284-6354",
		"email": "maecenas.iaculis.aliquet@hotmail.ca",
		"address": "4256 Magna St."
	},
	{
		"name": "Michael Rodriguez",
		"phone": "1-704-287-4389",
		"email": "condimentum.donec@outlook.ca",
		"address": "Ap #691-9214 Suspendisse Street"
	},
	{
		"name": "Bree Stephens",
		"phone": "(501) 461-0687",
		"email": "commodo@protonmail.net",
		"address": "P.O. Box 703, 9499 Dolor Rd."
	},
	{
		"name": "Raya Wilder",
		"phone": "1-723-106-4205",
		"email": "nunc@google.com",
		"address": "Ap #494-4146 Odio St."
	},
	{
		"name": "Kylan Garza",
		"phone": "1-554-547-5123",
		"email": "erat.volutpat@aol.com",
		"address": "Ap #468-3751 Erat, St."
	},
	{
		"name": "Shana Gates",
		"phone": "1-911-714-1951",
		"email": "proin.sed@hotmail.couk",
		"address": "P.O. Box 861, 6878 Commodo Rd."
	},
	{
		"name": "Dorothy Knapp",
		"phone": "(838) 730-0863",
		"email": "lacinia.orci.consectetuer@google.ca",
		"address": "3223 Velit Rd."
	},
	{
		"name": "Signe Raymond",
		"phone": "1-575-237-5728",
		"email": "vel.convallis@outlook.org",
		"address": "P.O. Box 411, 9094 Auctor St."
	},
	{
		"name": "Hayes Deleon",
		"phone": "(818) 557-1034",
		"email": "duis.mi@hotmail.net",
		"address": "Ap #866-8961 Pede Av."
	},
	{
		"name": "Kasimir Conrad",
		"phone": "(672) 668-8666",
		"email": "mus.proin.vel@yahoo.ca",
		"address": "Ap #692-8646 Nam Ave"
	},
	{
		"name": "Indira Potter",
		"phone": "(426) 779-3801",
		"email": "molestie.dapibus@icloud.edu",
		"address": "889-6707 Neque Ave"
	},
	{
		"name": "Ryder Miller",
		"phone": "(527) 372-5949",
		"email": "urna.ut.tincidunt@aol.ca",
		"address": "P.O. Box 464, 8850 Ligula. Avenue"
	},
	{
		"name": "Axel Delacruz",
		"phone": "1-617-974-2853",
		"email": "nunc@aol.ca",
		"address": "Ap #750-8057 At, Av."
	},
	{
		"name": "Yvette Sargent",
		"phone": "1-645-528-6438",
		"email": "mauris.molestie@outlook.edu",
		"address": "732-4865 Sociis Street"
	},
	{
		"name": "Aidan Jennings",
		"phone": "(243) 547-4363",
		"email": "enim.nunc.ut@icloud.net",
		"address": "321-4463 Ornare Av."
	},
	{
		"name": "Georgia Mccormick",
		"phone": "1-481-446-3524",
		"email": "dignissim.tempor@icloud.edu",
		"address": "933-5694 Sed St."
	},
	{
		"name": "Grady Cunningham",
		"phone": "1-767-567-5151",
		"email": "ligula.consectetuer@hotmail.net",
		"address": "Ap #615-2425 Ac Rd."
	},
	{
		"name": "Shelby Ruiz",
		"phone": "1-404-171-7264",
		"email": "massa@google.couk",
		"address": "9447 Fringilla St."
	},
	{
		"name": "Shaine Faulkner",
		"phone": "(528) 856-6105",
		"email": "molestie.pharetra@google.couk",
		"address": "8796 Euismod St."
	},
	{
		"name": "Vielka Green",
		"phone": "(862) 766-7144",
		"email": "est.ac@hotmail.net",
		"address": "Ap #986-3481 Nonummy St."
	},
	{
		"name": "Sean Erickson",
		"phone": "(237) 401-2277",
		"email": "nam@outlook.org",
		"address": "684-1604 Ut Rd."
	},
	{
		"name": "Abigail Hensley",
		"phone": "(863) 546-4923",
		"email": "metus.aliquam@hotmail.com",
		"address": "624-454 Auctor Avenue"
	},
	{
		"name": "Branden Norton",
		"phone": "1-225-833-3166",
		"email": "auctor.ullamcorper@aol.net",
		"address": "Ap #404-4016 Sed Rd."
	},
	{
		"name": "Kirk Moore",
		"phone": "(958) 468-3476",
		"email": "tempor.arcu@aol.org",
		"address": "496-5777 Enim. Rd."
	},
	{
		"name": "Larissa Sparks",
		"phone": "1-406-860-1677",
		"email": "nam@icloud.ca",
		"address": "4171 Rhoncus. Rd."
	},
	{
		"name": "Zephania Kline",
		"phone": "(740) 997-6258",
		"email": "pretium.aliquet.metus@aol.edu",
		"address": "Ap #102-2871 Pede. St."
	},
	{
		"name": "Hop Eaton",
		"phone": "(737) 336-2570",
		"email": "rhoncus.id@yahoo.com",
		"address": "7702 Vestibulum Ave"
	},
	{
		"name": "Patricia Meadows",
		"phone": "1-661-575-6446",
		"email": "in.ornare.sagittis@protonmail.com",
		"address": "P.O. Box 733, 1860 Justo Street"
	},
	{
		"name": "Benedict Buchanan",
		"phone": "(864) 946-0430",
		"email": "aliquam.arcu@icloud.net",
		"address": "Ap #894-3948 Adipiscing Rd."
	},
	{
		"name": "Jeremy Nichols",
		"phone": "(564) 748-7621",
		"email": "congue.a.aliquet@google.edu",
		"address": "739-383 Nec, Rd."
	},
	{
		"name": "Kaitlin Hoffman",
		"phone": "1-376-726-0705",
		"email": "faucibus.id@aol.net",
		"address": "580-5894 Erat, Av."
	},
	{
		"name": "Tatum Hardin",
		"phone": "(512) 726-3129",
		"email": "cum.sociis@outlook.ca",
		"address": "683-2924 Nec, Street"
	},
	{
		"name": "Marcia Maldonado",
		"phone": "1-587-229-4471",
		"email": "elit.fermentum.risus@outlook.net",
		"address": "5807 Curae Rd."
	},
	{
		"name": "Zoe Ramirez",
		"phone": "(243) 816-4286",
		"email": "lacus@hotmail.couk",
		"address": "Ap #139-8462 Amet, St."
	},
	{
		"name": "Ashton Ochoa",
		"phone": "(977) 700-7875",
		"email": "sem@protonmail.net",
		"address": "Ap #307-2172 Arcu Street"
	},
	{
		"name": "Len Banks",
		"phone": "1-359-229-2536",
		"email": "pulvinar.arcu@yahoo.com",
		"address": "514-1067 Sed, Road"
	},
	{
		"name": "Vincent Knox",
		"phone": "1-649-842-2452",
		"email": "ante@aol.edu",
		"address": "697-3413 Iaculis Rd."
	},
	{
		"name": "Xantha Cummings",
		"phone": "1-679-573-3360",
		"email": "mi.pede.nonummy@hotmail.org",
		"address": "4829 Pede, St."
	},
	{
		"name": "Owen Craig",
		"phone": "(954) 724-4381",
		"email": "nec@google.couk",
		"address": "P.O. Box 544, 4581 Quisque Rd."
	},
	{
		"name": "Hu Barker",
		"phone": "1-272-244-5253",
		"email": "ligula.consectetuer@aol.couk",
		"address": "4832 Scelerisque Road"
	},
	{
		"name": "Fatima Kaufman",
		"phone": "(711) 257-9550",
		"email": "vivamus.nisi@yahoo.edu",
		"address": "P.O. Box 692, 5427 Amet Rd."
	},
	{
		"name": "Zenaida Barnett",
		"phone": "(232) 686-8526",
		"email": "quis@icloud.net",
		"address": "256-9580 Placerat Ave"
	},
	{
		"name": "Lev Gilliam",
		"phone": "1-860-783-3713",
		"email": "fermentum.vel@icloud.net",
		"address": "260-4875 Lectus St."
	},
	{
		"name": "Patrick Long",
		"phone": "1-147-768-7756",
		"email": "rutrum.magna@aol.net",
		"address": "P.O. Box 429, 3472 Lorem Rd."
	},
	{
		"name": "Hayes Sears",
		"phone": "1-772-724-6803",
		"email": "eget.ipsum@aol.couk",
		"address": "496-8659 Purus, Av."
	},
	{
		"name": "Ori Fry",
		"phone": "(461) 676-7627",
		"email": "a.arcu@protonmail.edu",
		"address": "Ap #125-8333 Sit Avenue"
	},
	{
		"name": "Illiana Mayer",
		"phone": "(302) 555-5285",
		"email": "lacinia.mattis@aol.com",
		"address": "2855 Magna Av."
	},
	{
		"name": "Channing Baxter",
		"phone": "(407) 487-9702",
		"email": "ullamcorper.duis.at@hotmail.edu",
		"address": "P.O. Box 231, 3773 Erat Rd."
	},
	{
		"name": "Kirestin Justice",
		"phone": "1-934-465-4067",
		"email": "elit.dictum@icloud.ca",
		"address": "Ap #172-4212 Eu, Av."
	},
	{
		"name": "Ryder Ferrell",
		"phone": "1-556-823-8742",
		"email": "in@aol.org",
		"address": "314-4629 Cras Av."
	},
	{
		"name": "Angela Sherman",
		"phone": "1-301-349-6678",
		"email": "penatibus.et.magnis@protonmail.com",
		"address": "692-7261 Id Avenue"
	},
	{
		"name": "Hedda Fulton",
		"phone": "1-883-211-5395",
		"email": "cras.interdum@icloud.com",
		"address": "Ap #428-5279 Aptent Street"
	},
	{
		"name": "Emery Pittman",
		"phone": "1-204-798-6183",
		"email": "vestibulum.neque@icloud.edu",
		"address": "P.O. Box 353, 7098 Eget, St."
	},
	{
		"name": "Jared Fowler",
		"phone": "(540) 412-5881",
		"email": "tortor.nunc@aol.edu",
		"address": "Ap #293-9520 Pretium St."
	},
	{
		"name": "Malik Mcclain",
		"phone": "(866) 823-8497",
		"email": "aliquam@icloud.com",
		"address": "Ap #667-5128 Nunc Road"
	},
	{
		"name": "Caleb Huber",
		"phone": "1-238-576-7869",
		"email": "elit@google.ca",
		"address": "346-3155 Nec Road"
	},
	{
		"name": "Nash Cantrell",
		"phone": "1-824-562-7286",
		"email": "pharetra.nibh.aliquam@aol.net",
		"address": "8632 Enim. Av."
	},
	{
		"name": "Whilemina Vance",
		"phone": "1-807-413-4400",
		"email": "in.cursus.et@icloud.net",
		"address": "549-1988 Luctus Rd."
	},
	{
		"name": "Jin Morgan",
		"phone": "(961) 426-8948",
		"email": "tellus.sem@hotmail.couk",
		"address": "624-3515 Nisi Ave"
	},
	{
		"name": "Jeanette Benton",
		"phone": "1-795-415-1510",
		"email": "eget.metus@aol.couk",
		"address": "332 Quam Road"
	},
	{
		"name": "Noelani Barber",
		"phone": "1-266-530-7689",
		"email": "auctor.ullamcorper@aol.net",
		"address": "Ap #463-9421 Natoque Avenue"
	},
	{
		"name": "David Church",
		"phone": "(866) 247-0215",
		"email": "amet.diam.eu@outlook.edu",
		"address": "P.O. Box 363, 6852 Sem Av."
	},
	{
		"name": "Hedda Adkins",
		"phone": "(698) 855-9588",
		"email": "at.iaculis@yahoo.com",
		"address": "Ap #382-1903 Integer St."
	},
	{
		"name": "Samantha Watson",
		"phone": "(258) 438-3483",
		"email": "maecenas.ornare.egestas@outlook.ca",
		"address": "Ap #176-2842 Urna, St."
	},
	{
		"name": "Serina Roberson",
		"phone": "(393) 523-6498",
		"email": "eu.odio.phasellus@aol.org",
		"address": "Ap #389-1531 Diam St."
	},
	{
		"name": "Kadeem Walton",
		"phone": "1-292-813-7797",
		"email": "adipiscing.lobortis@outlook.net",
		"address": "Ap #113-825 Dolor Rd."
	},
	{
		"name": "Alden Irwin",
		"phone": "(448) 677-6911",
		"email": "sagittis@yahoo.com",
		"address": "938-2310 Ultricies Street"
	},
	{
		"name": "Jerome Hogan",
		"phone": "1-943-873-4784",
		"email": "et@yahoo.edu",
		"address": "631-1506 In Ave"
	},
	{
		"name": "Nichole Hobbs",
		"phone": "1-652-714-6513",
		"email": "luctus.curabitur.egestas@icloud.org",
		"address": "Ap #231-583 Eleifend St."
	},
	{
		"name": "Ezra Higgins",
		"phone": "(857) 659-6684",
		"email": "libero.integer@hotmail.ca",
		"address": "581-4723 Adipiscing. St."
	},
	{
		"name": "Kay Whitney",
		"phone": "1-445-882-8831",
		"email": "odio.aliquam@protonmail.org",
		"address": "574-3235 Aliquet St."
	},
	{
		"name": "Luke King",
		"phone": "1-372-476-9176",
		"email": "cum.sociis@yahoo.com",
		"address": "Ap #580-2309 Mollis. Rd."
	},
	{
		"name": "Ella Hines",
		"phone": "1-591-964-8029",
		"email": "fringilla@icloud.net",
		"address": "5885 Tortor. Av."
	},
	{
		"name": "David Mcfarland",
		"phone": "(675) 856-5521",
		"email": "vitae.sodales@google.org",
		"address": "Ap #857-2997 Pede, Avenue"
	},
	{
		"name": "Kane Mccarthy",
		"phone": "(712) 301-3947",
		"email": "lectus.pede@aol.ca",
		"address": "Ap #864-9907 Nibh Ave"
	},
	{
		"name": "Claire Johns",
		"phone": "1-887-307-7198",
		"email": "eget.lacus@aol.edu",
		"address": "Ap #287-3440 In Street"
	},
	{
		"name": "Camden Bauer",
		"phone": "1-251-324-2224",
		"email": "elementum.lorem.ut@outlook.ca",
		"address": "Ap #265-9767 Arcu Rd."
	},
	{
		"name": "Tara Shepherd",
		"phone": "1-737-567-0136",
		"email": "phasellus@outlook.couk",
		"address": "766-5437 Morbi Rd."
	},
	{
		"name": "Hamilton Franks",
		"phone": "(765) 647-2383",
		"email": "non@protonmail.ca",
		"address": "Ap #781-9786 Mi Rd."
	},
	{
		"name": "Dorothy Joseph",
		"phone": "(911) 515-6531",
		"email": "tellus@hotmail.ca",
		"address": "Ap #871-3860 Quam. Road"
	},
	{
		"name": "Wynter Sharpe",
		"phone": "1-638-344-3714",
		"email": "ac@protonmail.couk",
		"address": "7468 Neque. Street"
	},
	{
		"name": "Penelope Calderon",
		"phone": "(718) 628-5301",
		"email": "felis.ullamcorper@protonmail.couk",
		"address": "P.O. Box 365, 6977 Ante. Rd."
	},
	{
		"name": "Cameran Hicks",
		"phone": "1-474-806-4017",
		"email": "sagittis.nullam@yahoo.ca",
		"address": "P.O. Box 402, 4882 Elit Rd."
	},
	{
		"name": "Sharon Carrillo",
		"phone": "1-836-753-9130",
		"email": "aliquam.erat.volutpat@outlook.ca",
		"address": "766-6660 Velit Street"
	},
	{
		"name": "Cecilia Beard",
		"phone": "(755) 567-4543",
		"email": "lectus.convallis.est@icloud.ca",
		"address": "985-947 Curabitur Rd."
	},
	{
		"name": "Tamekah Harrington",
		"phone": "1-890-578-4473",
		"email": "accumsan.neque@aol.ca",
		"address": "Ap #240-5412 Nullam Av."
	},
	{
		"name": "Camille Villarreal",
		"phone": "1-988-861-1998",
		"email": "nulla.at.sem@protonmail.com",
		"address": "Ap #551-3823 Sit Road"
	},
	{
		"name": "Erin Carver",
		"phone": "(114) 139-5870",
		"email": "aliquet.metus@icloud.ca",
		"address": "Ap #176-2814 Purus. Av."
	},
	{
		"name": "Lionel Justice",
		"phone": "(987) 252-8935",
		"email": "sed.molestie@outlook.ca",
		"address": "P.O. Box 667, 1967 At Rd."
	},
	{
		"name": "Alexander Gonzales",
		"phone": "(280) 441-4678",
		"email": "vitae@outlook.edu",
		"address": "824-3773 Tortor, Av."
	},
	{
		"name": "Perry George",
		"phone": "1-351-326-5752",
		"email": "sed.dui.fusce@hotmail.couk",
		"address": "Ap #309-6162 Ipsum. Av."
	},
	{
		"name": "Vielka Fowler",
		"phone": "(993) 412-0086",
		"email": "nec.mauris@yahoo.com",
		"address": "Ap #724-676 Sed Street"
	},
	{
		"name": "Sophia Ramsey",
		"phone": "(823) 856-1826",
		"email": "mauris@icloud.edu",
		"address": "2011 Sollicitudin Street"
	},
	{
		"name": "Tanner Bush",
		"phone": "1-677-302-7778",
		"email": "aliquam.arcu@google.ca",
		"address": "Ap #545-2761 Posuere Road"
	},
	{
		"name": "Fritz Patel",
		"phone": "1-556-805-2566",
		"email": "urna@yahoo.ca",
		"address": "740-8235 Ligula Street"
	},
	{
		"name": "Preston Norman",
		"phone": "(246) 230-3251",
		"email": "tellus.suspendisse@icloud.couk",
		"address": "3976 Aliquam Avenue"
	},
	{
		"name": "Chadwick Harding",
		"phone": "(677) 855-0001",
		"email": "non.bibendum.sed@aol.org",
		"address": "Ap #756-9409 Tellus St."
	},
	{
		"name": "Jason Crane",
		"phone": "(426) 511-1635",
		"email": "mauris.vestibulum@google.org",
		"address": "Ap #894-5165 Facilisis Avenue"
	},
	{
		"name": "Alyssa Benjamin",
		"phone": "(225) 587-4613",
		"email": "ut.lacus@hotmail.couk",
		"address": "789-6698 Nullam Rd."
	},
	{
		"name": "Cyrus Hall",
		"phone": "1-625-123-6725",
		"email": "sed@outlook.edu",
		"address": "743-1364 Sapien, St."
	},
	{
		"name": "Kylynn Greer",
		"phone": "(807) 458-7769",
		"email": "vel@outlook.org",
		"address": "292-9381 Neque Avenue"
	},
	{
		"name": "Adrian Mcclain",
		"phone": "(619) 453-3335",
		"email": "aliquam.enim.nec@icloud.net",
		"address": "Ap #429-1640 Mauris Ave"
	},
	{
		"name": "Garrison Stokes",
		"phone": "1-901-912-4661",
		"email": "sodales.elit@icloud.com",
		"address": "Ap #161-7452 Faucibus Street"
	},
	{
		"name": "Upton Bridges",
		"phone": "(488) 244-4431",
		"email": "pede.cum@outlook.org",
		"address": "Ap #419-2811 Feugiat Ave"
	},
	{
		"name": "Claire Miller",
		"phone": "(757) 166-9159",
		"email": "eu.euismod@yahoo.org",
		"address": "1838 Per St."
	},
	{
		"name": "Fay Sykes",
		"phone": "1-575-645-1467",
		"email": "urna.justo.faucibus@icloud.ca",
		"address": "109-6239 Amet Road"
	},
	{
		"name": "Wynter Wynn",
		"phone": "(577) 401-9013",
		"email": "in@yahoo.com",
		"address": "P.O. Box 404, 4398 Nec, Av."
	},
	{
		"name": "Zachary Mathis",
		"phone": "(810) 838-4951",
		"email": "ligula.elit.pretium@hotmail.net",
		"address": "Ap #248-9264 Ridiculus Av."
	},
	{
		"name": "Sandra Bartlett",
		"phone": "1-614-544-6320",
		"email": "litora.torquent@icloud.net",
		"address": "663-6429 Urna. St."
	},
	{
		"name": "Gretchen Cannon",
		"phone": "1-438-314-3345",
		"email": "aliquam.iaculis@google.ca",
		"address": "6407 At, Street"
	},
	{
		"name": "Uma Andrews",
		"phone": "(684) 240-3520",
		"email": "nulla@hotmail.ca",
		"address": "872 Aliquam Street"
	},
	{
		"name": "Lewis Mueller",
		"phone": "(673) 787-5195",
		"email": "vel.vulputate@aol.net",
		"address": "5816 Elit Rd."
	},
	{
		"name": "Honorato Hicks",
		"phone": "(462) 732-2538",
		"email": "massa.mauris.vestibulum@hotmail.net",
		"address": "Ap #869-8338 Augue Avenue"
	},
	{
		"name": "Burton Johns",
		"phone": "(312) 271-8781",
		"email": "eu.augue.porttitor@yahoo.ca",
		"address": "P.O. Box 675, 2773 Mi Rd."
	},
	{
		"name": "Keiko Mullen",
		"phone": "1-455-664-2867",
		"email": "euismod.ac@aol.couk",
		"address": "860-3112 Dictum Av."
	},
	{
		"name": "Inez Ray",
		"phone": "(266) 326-2474",
		"email": "nunc.interdum@hotmail.edu",
		"address": "979-4982 Duis Rd."
	},
	{
		"name": "John Dale",
		"phone": "1-245-631-6701",
		"email": "est.vitae.sodales@hotmail.net",
		"address": "720-2374 Diam Rd."
	},
	{
		"name": "Victor Melendez",
		"phone": "(941) 264-6658",
		"email": "dapibus.id@protonmail.ca",
		"address": "Ap #846-7897 Fusce Av."
	},
	{
		"name": "Camilla Munoz",
		"phone": "1-214-254-3136",
		"email": "laoreet.ipsum.curabitur@yahoo.org",
		"address": "Ap #766-4245 At Street"
	},
	{
		"name": "Ebony Pitts",
		"phone": "1-756-563-8357",
		"email": "vitae.aliquam.eros@aol.net",
		"address": "Ap #859-9644 Quis, Rd."
	},
	{
		"name": "Allistair Townsend",
		"phone": "(243) 334-4666",
		"email": "nunc.ac@protonmail.org",
		"address": "Ap #481-4982 Interdum Rd."
	},
	{
		"name": "Drew Cleveland",
		"phone": "(766) 652-0578",
		"email": "fringilla.ornare@yahoo.ca",
		"address": "P.O. Box 293, 4226 Auctor Av."
	},
	{
		"name": "Alfonso Solomon",
		"phone": "1-995-549-6374",
		"email": "ligula@outlook.couk",
		"address": "4099 Odio Street"
	},
	{
		"name": "Petra Bates",
		"phone": "1-522-444-2568",
		"email": "mollis@hotmail.org",
		"address": "2706 Libero. Avenue"
	},
	{
		"name": "Benjamin Abbott",
		"phone": "(718) 748-6571",
		"email": "tincidunt.orci@hotmail.edu",
		"address": "8499 Ridiculus Road"
	},
	{
		"name": "Gil Lowery",
		"phone": "1-175-747-6193",
		"email": "non.luctus@icloud.ca",
		"address": "804-2253 Phasellus Street"
	},
	{
		"name": "Martin Faulkner",
		"phone": "1-698-532-4469",
		"email": "justo.nec.ante@outlook.net",
		"address": "Ap #873-7809 Vehicula Street"
	},
	{
		"name": "Theodore Parker",
		"phone": "1-891-360-2793",
		"email": "tellus.non@aol.edu",
		"address": "P.O. Box 882, 5976 Vivamus Av."
	},
	{
		"name": "Vernon Knapp",
		"phone": "(824) 488-5126",
		"email": "eu.euismod@icloud.couk",
		"address": "Ap #747-1820 Nec Street"
	},
	{
		"name": "Pandora Beach",
		"phone": "(670) 682-3074",
		"email": "cum.sociis.natoque@icloud.couk",
		"address": "665-7055 Enim. Av."
	},
	{
		"name": "Gage Lynn",
		"phone": "(757) 745-4141",
		"email": "nulla@google.org",
		"address": "Ap #995-6300 Nec, Street"
	},
	{
		"name": "Clark Austin",
		"phone": "(582) 839-1646",
		"email": "ipsum.nunc@hotmail.org",
		"address": "430-1822 Malesuada Rd."
	},
	{
		"name": "Logan O'connor",
		"phone": "1-326-672-8658",
		"email": "dictum.proin.eget@yahoo.com",
		"address": "820-5038 Enim. Ave"
	},
	{
		"name": "Elizabeth Gregory",
		"phone": "(174) 346-6965",
		"email": "nibh.dolor@yahoo.couk",
		"address": "399-8133 Pede St."
	},
	{
		"name": "Cheryl Martin",
		"phone": "(355) 871-6599",
		"email": "torquent.per@aol.edu",
		"address": "260-3449 Etiam Rd."
	},
	{
		"name": "Jelani Booker",
		"phone": "1-350-274-4774",
		"email": "eleifend.vitae@protonmail.com",
		"address": "331-6093 Congue. Ave"
	},
	{
		"name": "Anjolie Hogan",
		"phone": "1-748-156-3247",
		"email": "erat.in@protonmail.couk",
		"address": "Ap #912-2199 Dis St."
	},
	{
		"name": "Skyler Rosario",
		"phone": "(729) 872-6373",
		"email": "vel.faucibus@protonmail.org",
		"address": "Ap #129-1538 Donec Road"
	},
	{
		"name": "Sade Rich",
		"phone": "1-617-536-1196",
		"email": "pede@aol.org",
		"address": "Ap #267-7622 Magna St."
	},
	{
		"name": "Henry Gallagher",
		"phone": "1-926-643-6351",
		"email": "cras@hotmail.edu",
		"address": "840-6683 Elit. St."
	},
	{
		"name": "Ciara Salinas",
		"phone": "1-727-839-1624",
		"email": "erat.vel@yahoo.couk",
		"address": "Ap #258-5915 Aliquet St."
	},
	{
		"name": "Morgan Wright",
		"phone": "(430) 923-2276",
		"email": "nascetur.ridiculus.mus@icloud.org",
		"address": "P.O. Box 523, 176 Ante. Ave"
	},
	{
		"name": "Emily Terrell",
		"phone": "(827) 276-7990",
		"email": "facilisis.lorem@protonmail.org",
		"address": "Ap #812-1402 Iaculis, Road"
	},
	{
		"name": "McKenzie Beasley",
		"phone": "(359) 470-3536",
		"email": "lacus@google.org",
		"address": "446-168 Pellentesque. Road"
	},
	{
		"name": "Camille Cline",
		"phone": "1-374-367-9507",
		"email": "tristique.aliquet@aol.com",
		"address": "Ap #375-2668 Tristique Rd."
	},
	{
		"name": "Kelly Avila",
		"phone": "1-223-223-4121",
		"email": "posuere@outlook.ca",
		"address": "Ap #612-6255 Velit Avenue"
	},
	{
		"name": "Octavius Carson",
		"phone": "1-892-182-6699",
		"email": "malesuada.fames.ac@protonmail.net",
		"address": "339-1879 Varius Road"
	},
	{
		"name": "Reece Hicks",
		"phone": "1-376-364-9306",
		"email": "auctor.ullamcorper.nisl@yahoo.com",
		"address": "169-9213 Mollis Rd."
	},
	{
		"name": "Eric Hess",
		"phone": "1-296-568-8391",
		"email": "nulla.dignissim.maecenas@protonmail.org",
		"address": "Ap #208-1494 Vitae Street"
	},
	{
		"name": "Judith Velasquez",
		"phone": "1-812-525-5453",
		"email": "eget.volutpat.ornare@protonmail.edu",
		"address": "9823 Magna Street"
	},
	{
		"name": "Shannon Gentry",
		"phone": "(435) 116-6546",
		"email": "mauris.morbi.non@yahoo.couk",
		"address": "535-2374 Consectetuer Street"
	},
	{
		"name": "Hilary Case",
		"phone": "(221) 565-4704",
		"email": "mauris.sagittis@google.com",
		"address": "Ap #169-6738 Mauris. Av."
	},
	{
		"name": "Britanney Byers",
		"phone": "(184) 118-0869",
		"email": "phasellus.vitae@aol.couk",
		"address": "737-9620 Ac St."
	},
	{
		"name": "Rigel Weiss",
		"phone": "1-829-482-8763",
		"email": "gravida.sagittis@hotmail.org",
		"address": "1205 Nisi. Av."
	},
	{
		"name": "Oprah Kramer",
		"phone": "(317) 852-8185",
		"email": "nisl.nulla@hotmail.ca",
		"address": "Ap #991-5420 Nisl Rd."
	},
	{
		"name": "Hamilton Harrington",
		"phone": "1-627-756-8045",
		"email": "magnis.dis.parturient@outlook.edu",
		"address": "447-7292 Interdum Avenue"
	},
	{
		"name": "Garrett Bond",
		"phone": "(485) 489-9451",
		"email": "sodales@aol.ca",
		"address": "Ap #238-2843 Maecenas Street"
	},
	{
		"name": "Linus Camacho",
		"phone": "(613) 291-0378",
		"email": "mus.aenean.eget@google.org",
		"address": "216-2650 Blandit. Ave"
	},
	{
		"name": "Haley Wallace",
		"phone": "(463) 942-4721",
		"email": "id.nunc@hotmail.edu",
		"address": "471-3460 Lorem, St."
	},
	{
		"name": "Shana Silva",
		"phone": "1-213-521-1494",
		"email": "mauris.morbi@protonmail.org",
		"address": "Ap #619-8612 A, Rd."
	},
	{
		"name": "Emma Farmer",
		"phone": "1-114-258-8978",
		"email": "ut@yahoo.com",
		"address": "991 Pede, Av."
	},
	{
		"name": "Cyrus Knapp",
		"phone": "(215) 765-2658",
		"email": "est.ac@google.edu",
		"address": "Ap #751-3873 Vestibulum Rd."
	},
	{
		"name": "Beverly Sandoval",
		"phone": "1-279-294-4509",
		"email": "sed.tortor@yahoo.edu",
		"address": "5385 Dignissim Avenue"
	},
	{
		"name": "Tara Hood",
		"phone": "(587) 563-4020",
		"email": "phasellus.in@outlook.edu",
		"address": "798-9683 Quam Ave"
	},
	{
		"name": "Kasimir Franco",
		"phone": "1-759-908-8573",
		"email": "vestibulum.neque@protonmail.net",
		"address": "257-4921 Proin Ave"
	},
	{
		"name": "Angela Gibbs",
		"phone": "1-874-757-6281",
		"email": "tellus.non@outlook.edu",
		"address": "Ap #768-1608 Eu Rd."
	},
	{
		"name": "Ray Decker",
		"phone": "(834) 748-5457",
		"email": "eu.eros.nam@google.org",
		"address": "8283 Etiam Rd."
	},
	{
		"name": "Rahim Carpenter",
		"phone": "(859) 445-4745",
		"email": "netus.et.malesuada@outlook.org",
		"address": "647-121 Vestibulum, Road"
	},
	{
		"name": "Vance Ramos",
		"phone": "1-424-462-8322",
		"email": "consequat.nec.mollis@protonmail.com",
		"address": "P.O. Box 900, 6576 Placerat St."
	},
	{
		"name": "Abel Ward",
		"phone": "1-612-408-0730",
		"email": "curae.phasellus@outlook.com",
		"address": "Ap #325-6587 Nullam St."
	},
	{
		"name": "Ferris Fry",
		"phone": "1-102-938-6835",
		"email": "scelerisque.scelerisque@outlook.com",
		"address": "P.O. Box 361, 7613 Elit, Rd."
	},
	{
		"name": "Ciara Fischer",
		"phone": "(483) 125-7142",
		"email": "neque.sed@outlook.edu",
		"address": "6347 Suspendisse Av."
	},
	{
		"name": "Salvador Rasmussen",
		"phone": "(968) 454-8028",
		"email": "egestas.nunc@protonmail.com",
		"address": "554-6842 Est. Rd."
	},
	{
		"name": "Mona Battle",
		"phone": "1-805-428-1688",
		"email": "ipsum@aol.org",
		"address": "Ap #633-4955 Cursus, Av."
	},
	{
		"name": "Kessie Tran",
		"phone": "(266) 388-6714",
		"email": "magnis.dis@protonmail.ca",
		"address": "407-457 Mauris St."
	},
	{
		"name": "Regan Coffey",
		"phone": "1-454-313-5988",
		"email": "odio.sagittis@google.com",
		"address": "745 Nulla St."
	},
	{
		"name": "Margaret Palmer",
		"phone": "(851) 963-1363",
		"email": "sed.pede@protonmail.com",
		"address": "370-6949 Proin Rd."
	},
	{
		"name": "Wesley Callahan",
		"phone": "(528) 681-3357",
		"email": "nunc.laoreet@yahoo.net",
		"address": "P.O. Box 948, 2716 Pede Ave"
	},
	{
		"name": "Clark Head",
		"phone": "1-492-374-9683",
		"email": "nunc.ac@icloud.ca",
		"address": "999-1498 Semper Road"
	},
	{
		"name": "Dominic Randolph",
		"phone": "1-719-511-8450",
		"email": "ut.semper@hotmail.edu",
		"address": "Ap #466-7042 Lorem Street"
	},
	{
		"name": "Chancellor Giles",
		"phone": "1-724-869-3737",
		"email": "ut.tincidunt.orci@outlook.edu",
		"address": "4131 Molestie. Rd."
	},
	{
		"name": "Carter Matthews",
		"phone": "(246) 717-3516",
		"email": "mauris.integer@protonmail.com",
		"address": "9750 Lorem Rd."
	},
	{
		"name": "Sylvia Johns",
		"phone": "1-242-243-8145",
		"email": "aliquam.rutrum@icloud.org",
		"address": "355-8822 Cras Rd."
	},
	{
		"name": "Zoe Little",
		"phone": "(386) 754-7314",
		"email": "et.pede@aol.edu",
		"address": "5111 Tellus Rd."
	},
	{
		"name": "Tana Taylor",
		"phone": "(131) 798-4672",
		"email": "fermentum.risus@aol.edu",
		"address": "139-3122 Mauris Av."
	},
	{
		"name": "Basia Schmidt",
		"phone": "(517) 637-1443",
		"email": "justo.nec@outlook.edu",
		"address": "Ap #818-8957 Cras St."
	},
	{
		"name": "Brenden Barton",
		"phone": "1-983-633-1655",
		"email": "erat.vel@hotmail.edu",
		"address": "443-2897 In Rd."
	},
	{
		"name": "Hermione Hudson",
		"phone": "(985) 312-3519",
		"email": "magna@outlook.ca",
		"address": "859-6118 Lobortis St."
	},
	{
		"name": "Blake Guthrie",
		"phone": "1-233-314-4737",
		"email": "sem.eget@aol.com",
		"address": "Ap #543-9954 Nec, Road"
	},
	{
		"name": "Illana Gilmore",
		"phone": "1-205-875-3746",
		"email": "mauris.suspendisse.aliquet@yahoo.ca",
		"address": "Ap #954-2088 Etiam Rd."
	},
	{
		"name": "Tana Stout",
		"phone": "(204) 433-8140",
		"email": "feugiat.placerat@aol.net",
		"address": "627-1054 Condimentum. Av."
	},
	{
		"name": "Quinn Mccray",
		"phone": "(778) 594-5892",
		"email": "diam.nunc@protonmail.com",
		"address": "Ap #338-5927 Magna Rd."
	},
	{
		"name": "Joy Mcconnell",
		"phone": "(385) 137-7614",
		"email": "dictum.magna.ut@hotmail.edu",
		"address": "P.O. Box 346, 2327 Rutrum Avenue"
	},
	{
		"name": "Lunea Kent",
		"phone": "(486) 786-4531",
		"email": "ac@aol.ca",
		"address": "144-959 Proin Avenue"
	},
	{
		"name": "Nicholas Brewer",
		"phone": "(643) 957-5602",
		"email": "sit.amet.orci@protonmail.couk",
		"address": "Ap #570-9081 Eget St."
	},
	{
		"name": "Scott Todd",
		"phone": "(430) 822-8725",
		"email": "dolor.dapibus@outlook.com",
		"address": "Ap #179-5336 Sed Avenue"
	},
	{
		"name": "Aquila Munoz",
		"phone": "(245) 880-0605",
		"email": "morbi.quis@google.edu",
		"address": "488-334 Eleifend. Rd."
	},
	{
		"name": "Morgan Mcfarland",
		"phone": "1-322-426-2007",
		"email": "malesuada.vel@yahoo.edu",
		"address": "1933 Sed Rd."
	},
	{
		"name": "Carlos Woodward",
		"phone": "1-684-448-2585",
		"email": "feugiat.sed.nec@hotmail.ca",
		"address": "Ap #132-5282 Congue, St."
	},
	{
		"name": "Mara Barrera",
		"phone": "1-475-541-2714",
		"email": "donec.est@hotmail.org",
		"address": "Ap #497-6689 Vulputate, Ave"
	},
	{
		"name": "Kamal Hester",
		"phone": "(778) 637-6212",
		"email": "non.lacinia.at@icloud.org",
		"address": "4966 Urna Avenue"
	},
	{
		"name": "Carolyn Merrill",
		"phone": "1-238-377-0868",
		"email": "vestibulum.mauris@aol.com",
		"address": "Ap #627-7562 Nascetur Rd."
	},
	{
		"name": "April Whitney",
		"phone": "1-627-235-3388",
		"email": "phasellus.in.felis@google.edu",
		"address": "P.O. Box 823, 2628 Aenean Rd."
	},
	{
		"name": "Aphrodite Short",
		"phone": "1-617-225-8642",
		"email": "sem.molestie@google.ca",
		"address": "916-4409 A Road"
	},
	{
		"name": "Sydney Mcgowan",
		"phone": "(220) 745-8747",
		"email": "et.tristique@outlook.couk",
		"address": "678-7193 Sem St."
	},
	{
		"name": "Ross Diaz",
		"phone": "(692) 523-6550",
		"email": "non.ante@icloud.net",
		"address": "685-2415 Nullam Ave"
	},
	{
		"name": "Troy Houston",
		"phone": "(137) 957-7682",
		"email": "eu.sem@aol.couk",
		"address": "Ap #802-201 Sociis Road"
	},
	{
		"name": "Demetrius Mcmahon",
		"phone": "1-768-115-5207",
		"email": "imperdiet@aol.ca",
		"address": "Ap #885-7907 Tincidunt Ave"
	},
	{
		"name": "Brandon Pittman",
		"phone": "(397) 973-4873",
		"email": "aliquam.ornare@google.com",
		"address": "Ap #164-3750 At Rd."
	},
	{
		"name": "Maris Dixon",
		"phone": "1-589-534-4453",
		"email": "pharetra.nibh@aol.ca",
		"address": "111-8544 Vehicula Avenue"
	},
	{
		"name": "Caleb Franks",
		"phone": "1-736-885-4772",
		"email": "id.risus@google.couk",
		"address": "P.O. Box 282, 1274 Phasellus St."
	},
	{
		"name": "Samuel Joyce",
		"phone": "(558) 680-6963",
		"email": "nec@google.ca",
		"address": "Ap #353-4616 Enim. Avenue"
	},
	{
		"name": "Burke Cash",
		"phone": "(745) 438-6628",
		"email": "nisl.maecenas@yahoo.net",
		"address": "Ap #889-8832 Sapien Road"
	},
	{
		"name": "Malachi Haynes",
		"phone": "1-744-312-1486",
		"email": "rutrum@protonmail.net",
		"address": "821-501 Mauris St."
	},
	{
		"name": "Cathleen Carver",
		"phone": "(390) 675-9124",
		"email": "duis@protonmail.net",
		"address": "Ap #211-6088 At, St."
	},
	{
		"name": "Wang Buchanan",
		"phone": "(364) 802-4760",
		"email": "diam.lorem@outlook.com",
		"address": "P.O. Box 119, 4224 Orci. Street"
	},
	{
		"name": "Francesca Mccall",
		"phone": "(426) 715-5545",
		"email": "pellentesque.habitant@yahoo.org",
		"address": "225-3565 Libero Avenue"
	},
	{
		"name": "Kylan Cash",
		"phone": "(692) 601-6971",
		"email": "lacus.etiam.bibendum@google.ca",
		"address": "Ap #404-9586 Eu Street"
	},
	{
		"name": "Oren Farley",
		"phone": "(471) 787-5151",
		"email": "cursus.non@google.ca",
		"address": "405-7524 Non Street"
	},
	{
		"name": "Patience Mcconnell",
		"phone": "(676) 474-7248",
		"email": "lorem.eget.mollis@yahoo.net",
		"address": "878-5630 Ligula St."
	},
	{
		"name": "Rahim Battle",
		"phone": "(681) 768-9049",
		"email": "orci.luctus.et@aol.edu",
		"address": "Ap #476-7288 Sem St."
	},
	{
		"name": "Ali Norton",
		"phone": "1-451-667-5432",
		"email": "tellus.phasellus@google.org",
		"address": "584-2088 Eu, Ave"
	},
	{
		"name": "August Ferguson",
		"phone": "(143) 542-3384",
		"email": "convallis.est.vitae@yahoo.net",
		"address": "2623 Consequat Road"
	},
	{
		"name": "Karleigh Clark",
		"phone": "1-770-116-3686",
		"email": "pellentesque@yahoo.ca",
		"address": "6069 Amet Street"
	},
	{
		"name": "Gareth Craft",
		"phone": "(563) 573-3787",
		"email": "dolor.nonummy@icloud.org",
		"address": "P.O. Box 597, 2014 Aenean Road"
	},
	{
		"name": "Keegan Allen",
		"phone": "1-733-374-1584",
		"email": "consectetuer.cursus.et@protonmail.edu",
		"address": "322-181 Risus. Rd."
	},
	{
		"name": "Adena Lloyd",
		"phone": "(710) 778-9109",
		"email": "elit.aliquam@protonmail.org",
		"address": "P.O. Box 612, 3874 Nonummy. Ave"
	},
	{
		"name": "Guinevere Albert",
		"phone": "1-617-703-1445",
		"email": "molestie@google.couk",
		"address": "402-5772 Enim Avenue"
	},
	{
		"name": "Fuller Wooten",
		"phone": "1-206-798-6263",
		"email": "primis.in@hotmail.ca",
		"address": "4282 Eget St."
	},
	{
		"name": "Harrison Medina",
		"phone": "(607) 753-0852",
		"email": "duis.risus@hotmail.net",
		"address": "P.O. Box 263, 3174 Senectus Ave"
	},
	{
		"name": "Melanie Willis",
		"phone": "1-815-913-0323",
		"email": "lectus.convallis@outlook.couk",
		"address": "666-7554 Morbi St."
	},
	{
		"name": "Kessie Madden",
		"phone": "1-749-887-8682",
		"email": "ac.turpis@outlook.couk",
		"address": "Ap #312-963 Magna. St."
	},
	{
		"name": "Joshua Fields",
		"phone": "(718) 616-2721",
		"email": "luctus@aol.com",
		"address": "4614 Nec Avenue"
	},
	{
		"name": "Shaeleigh Soto",
		"phone": "(692) 333-7693",
		"email": "congue.a@outlook.edu",
		"address": "795-3584 Aliquet. Road"
	},
	{
		"name": "Ciaran Price",
		"phone": "1-471-577-6305",
		"email": "in.magna@aol.net",
		"address": "979-320 Nulla Rd."
	},
	{
		"name": "Octavia Rosales",
		"phone": "(244) 772-2316",
		"email": "dolor.egestas.rhoncus@icloud.org",
		"address": "1196 Hymenaeos. Ave"
	},
	{
		"name": "Garrison Burton",
		"phone": "1-865-587-5194",
		"email": "eget.volutpat@hotmail.org",
		"address": "221-210 Ligula. Rd."
	},
	{
		"name": "Ian Waters",
		"phone": "(488) 278-5783",
		"email": "orci.luctus@icloud.net",
		"address": "7849 Eu Av."
	},
	{
		"name": "Carla Martin",
		"phone": "1-700-468-2542",
		"email": "fringilla.est@icloud.edu",
		"address": "Ap #133-9554 Integer Rd."
	},
	{
		"name": "Jayme Sims",
		"phone": "(330) 812-6411",
		"email": "lectus.pede@aol.ca",
		"address": "P.O. Box 848, 7663 A Ave"
	},
	{
		"name": "Illana Hampton",
		"phone": "(927) 811-8315",
		"email": "elit.erat@aol.org",
		"address": "Ap #525-5450 Nunc Ave"
	},
	{
		"name": "Keely Horton",
		"phone": "1-507-106-7586",
		"email": "scelerisque.neque.sed@yahoo.edu",
		"address": "3512 Et Av."
	},
	{
		"name": "Rose Pugh",
		"phone": "1-646-624-2266",
		"email": "sociis@google.net",
		"address": "Ap #688-2931 Lorem, Ave"
	},
	{
		"name": "Illiana Meyers",
		"phone": "1-326-538-1657",
		"email": "a@hotmail.ca",
		"address": "P.O. Box 632, 1749 Iaculis St."
	},
	{
		"name": "Jonas Haney",
		"phone": "(359) 872-6294",
		"email": "arcu.vestibulum.ante@protonmail.ca",
		"address": "7753 Euismod Rd."
	},
	{
		"name": "Seth Huffman",
		"phone": "1-246-477-1052",
		"email": "semper.et.lacinia@icloud.net",
		"address": "P.O. Box 618, 1753 Risus St."
	},
	{
		"name": "Lawrence Benton",
		"phone": "1-686-384-5497",
		"email": "facilisis.magna.tellus@outlook.edu",
		"address": "Ap #718-5919 Nec Ave"
	},
	{
		"name": "Keiko Stuart",
		"phone": "1-146-256-1212",
		"email": "porttitor.eros.nec@google.edu",
		"address": "P.O. Box 692, 1766 Mauris, Rd."
	},
	{
		"name": "Omar Odom",
		"phone": "1-226-614-4247",
		"email": "duis.volutpat.nunc@yahoo.couk",
		"address": "Ap #868-8283 Lorem Ave"
	},
	{
		"name": "Lawrence Knox",
		"phone": "1-883-613-4604",
		"email": "aliquet.proin@yahoo.couk",
		"address": "550-1090 Luctus St."
	},
	{
		"name": "Mechelle Todd",
		"phone": "1-672-433-4183",
		"email": "et.magnis@hotmail.net",
		"address": "Ap #700-4846 Turpis Street"
	},
	{
		"name": "Kennan Hopper",
		"phone": "1-454-300-5480",
		"email": "nisi.dictum.augue@google.couk",
		"address": "Ap #381-3601 Ut, St."
	},
	{
		"name": "Cora Valentine",
		"phone": "1-247-748-6699",
		"email": "felis.donec.tempor@hotmail.ca",
		"address": "604-7044 Non Rd."
	},
	{
		"name": "Nero Roth",
		"phone": "1-430-488-7971",
		"email": "vel.sapien@google.net",
		"address": "Ap #987-1930 Aliquet Ave"
	},
	{
		"name": "Delilah Dorsey",
		"phone": "1-805-329-3212",
		"email": "et.nunc@google.couk",
		"address": "239-3951 Id Av."
	},
	{
		"name": "Maxwell Leonard",
		"phone": "1-402-626-2746",
		"email": "suspendisse.aliquet@google.net",
		"address": "974-3089 Donec Street"
	},
	{
		"name": "Kirk Huffman",
		"phone": "(614) 121-9346",
		"email": "at@hotmail.ca",
		"address": "Ap #755-6549 Magnis St."
	},
	{
		"name": "Xenos Haley",
		"phone": "(711) 868-5774",
		"email": "ad@google.edu",
		"address": "P.O. Box 398, 8934 Quis, Avenue"
	},
	{
		"name": "Tashya Serrano",
		"phone": "1-828-216-7491",
		"email": "dui.fusce.diam@hotmail.couk",
		"address": "211-1156 Ante. St."
	},
	{
		"name": "Igor Franklin",
		"phone": "1-342-656-6844",
		"email": "tempor.bibendum@aol.ca",
		"address": "7748 Sed Avenue"
	},
	{
		"name": "Cynthia Davidson",
		"phone": "1-641-747-0610",
		"email": "dapibus.rutrum@aol.ca",
		"address": "Ap #763-5485 Penatibus Ave"
	},
	{
		"name": "Laith Rutledge",
		"phone": "(703) 346-4426",
		"email": "tempor.arcu@outlook.com",
		"address": "8529 Arcu St."
	},
	{
		"name": "Illana Mclaughlin",
		"phone": "1-187-948-3360",
		"email": "dui@google.net",
		"address": "9160 Cursus Av."
	},
	{
		"name": "Lane Campbell",
		"phone": "(380) 887-3174",
		"email": "amet.ante@hotmail.com",
		"address": "222-6215 Lectus. Street"
	},
	{
		"name": "Erich Branch",
		"phone": "1-170-867-7417",
		"email": "sem.ut.cursus@outlook.org",
		"address": "851-2777 Et, St."
	},
	{
		"name": "Venus Bright",
		"phone": "1-651-724-3365",
		"email": "erat.sed@google.net",
		"address": "Ap #243-1387 Nulla Road"
	},
	{
		"name": "Kenneth Fitzpatrick",
		"phone": "(478) 893-2871",
		"email": "aliquet.proin@hotmail.net",
		"address": "Ap #204-2146 Blandit St."
	},
	{
		"name": "Lyle Good",
		"phone": "1-935-572-1667",
		"email": "bibendum@aol.net",
		"address": "624-4581 Aliquam Avenue"
	},
	{
		"name": "Indigo Phelps",
		"phone": "(986) 760-5698",
		"email": "porttitor.vulputate.posuere@outlook.ca",
		"address": "P.O. Box 780, 9495 Magna Rd."
	},
	{
		"name": "Savannah Santos",
		"phone": "1-744-538-4768",
		"email": "dignissim.maecenas.ornare@outlook.edu",
		"address": "Ap #210-9735 Risus. Street"
	},
	{
		"name": "Victor Harmon",
		"phone": "1-552-608-4174",
		"email": "consectetuer.euismod@yahoo.edu",
		"address": "Ap #447-749 Fermentum Av."
	},
	{
		"name": "Denton Benson",
		"phone": "(658) 217-2711",
		"email": "sed.pede@google.org",
		"address": "1257 Sociis Ave"
	},
	{
		"name": "Dacey Romero",
		"phone": "1-343-652-4853",
		"email": "luctus@google.edu",
		"address": "522-6804 Molestie Avenue"
	},
	{
		"name": "Adrienne Landry",
		"phone": "(320) 361-8567",
		"email": "vel.lectus@hotmail.net",
		"address": "Ap #771-2794 Nulla Av."
	},
	{
		"name": "Jeremy Copeland",
		"phone": "(897) 795-4707",
		"email": "placerat.augue@google.couk",
		"address": "8893 In St."
	},
	{
		"name": "Eric O'Neill",
		"phone": "1-545-931-5276",
		"email": "pede.sagittis@aol.ca",
		"address": "Ap #960-805 Proin Rd."
	},
	{
		"name": "Mikayla Frye",
		"phone": "1-279-487-3480",
		"email": "nec.ante@icloud.couk",
		"address": "289-4948 Mauris Rd."
	},
	{
		"name": "Adam Flowers",
		"phone": "(284) 258-2396",
		"email": "mauris.molestie@hotmail.edu",
		"address": "3248 Nec Street"
	},
	{
		"name": "Dai Mosley",
		"phone": "(278) 728-3876",
		"email": "tristique@yahoo.ca",
		"address": "P.O. Box 546, 6655 Ridiculus Ave"
	},
	{
		"name": "Oleg Parsons",
		"phone": "1-731-441-8234",
		"email": "auctor.velit.aliquam@hotmail.edu",
		"address": "259-3862 Fusce Road"
	},
	{
		"name": "Herrod Durham",
		"phone": "(643) 262-2415",
		"email": "eleifend.cras@icloud.couk",
		"address": "Ap #537-1893 Adipiscing Road"
	},
	{
		"name": "Aphrodite Shepherd",
		"phone": "(805) 326-7567",
		"email": "feugiat.sed@hotmail.net",
		"address": "Ap #290-8891 Ut Street"
	},
	{
		"name": "Martina Hendrix",
		"phone": "1-746-594-5223",
		"email": "integer.vulputate@yahoo.org",
		"address": "Ap #804-2344 Turpis Avenue"
	},
	{
		"name": "Cassandra Moore",
		"phone": "1-224-284-7135",
		"email": "ipsum.suspendisse@google.ca",
		"address": "P.O. Box 262, 5209 Arcu Rd."
	},
	{
		"name": "Colette Mcfadden",
		"phone": "1-803-256-1862",
		"email": "felis.nulla@protonmail.net",
		"address": "Ap #665-7209 Ultrices Road"
	},
	{
		"name": "Aladdin Bray",
		"phone": "1-100-138-7955",
		"email": "gravida.molestie@outlook.edu",
		"address": "270-3384 Duis Rd."
	},
	{
		"name": "Genevieve Guthrie",
		"phone": "1-677-847-9841",
		"email": "sit@icloud.ca",
		"address": "534-5834 Accumsan Ave"
	},
	{
		"name": "Amos Kramer",
		"phone": "(824) 544-6563",
		"email": "et@google.com",
		"address": "9836 Morbi Street"
	},
	{
		"name": "Demetria Morton",
		"phone": "(616) 343-0712",
		"email": "eget.massa.suspendisse@hotmail.couk",
		"address": "Ap #613-7402 Luctus Ave"
	},
	{
		"name": "Arsenio Daniels",
		"phone": "(325) 407-2082",
		"email": "tellus.faucibus@google.com",
		"address": "667-2109 Orci St."
	},
	{
		"name": "Bertha Fitzpatrick",
		"phone": "1-524-148-6464",
		"email": "pharetra.felis.eget@yahoo.ca",
		"address": "P.O. Box 226, 7190 Euismod Ave"
	},
	{
		"name": "Elvis O'donnell",
		"phone": "1-288-226-8447",
		"email": "morbi.quis@yahoo.couk",
		"address": "993-9153 Eu St."
	},
	{
		"name": "Hiram Torres",
		"phone": "(814) 621-1166",
		"email": "lobortis.quam.a@protonmail.net",
		"address": "6153 Sodales Ave"
	},
	{
		"name": "Brittany Fitzpatrick",
		"phone": "(342) 254-8864",
		"email": "at.pretium@protonmail.edu",
		"address": "Ap #303-519 At, Street"
	},
	{
		"name": "Aristotle Cain",
		"phone": "1-622-739-4948",
		"email": "id.nunc@icloud.edu",
		"address": "3082 Accumsan Road"
	},
	{
		"name": "Carly Hull",
		"phone": "(884) 942-9056",
		"email": "dolor.dolor@icloud.org",
		"address": "P.O. Box 650, 5500 Dapibus Ave"
	},
	{
		"name": "Shafira Kaufman",
		"phone": "1-176-834-3445",
		"email": "molestie.sed.id@yahoo.org",
		"address": "P.O. Box 300, 1291 Nibh. St."
	},
	{
		"name": "Channing Buckley",
		"phone": "1-449-210-6275",
		"email": "massa.lobortis.ultrices@hotmail.edu",
		"address": "P.O. Box 147, 3210 Porta Road"
	},
	{
		"name": "Desiree Serrano",
		"phone": "1-583-555-3677",
		"email": "magnis.dis.parturient@icloud.org",
		"address": "Ap #489-4414 Magna. Rd."
	},
	{
		"name": "Nero Adams",
		"phone": "(981) 127-1868",
		"email": "velit.quisque@aol.edu",
		"address": "Ap #408-1227 Ridiculus Rd."
	},
	{
		"name": "Louis Walter",
		"phone": "(547) 629-3774",
		"email": "etiam.laoreet@google.com",
		"address": "P.O. Box 321, 2315 Massa St."
	},
	{
		"name": "Geoffrey Noble",
		"phone": "(636) 273-2122",
		"email": "fringilla.porttitor.vulputate@aol.com",
		"address": "8518 Lacus, Av."
	},
	{
		"name": "Moses Park",
		"phone": "(389) 441-2113",
		"email": "risus.donec.egestas@google.ca",
		"address": "452-3648 Molestie Av."
	},
	{
		"name": "Uriel Flowers",
		"phone": "(315) 897-5392",
		"email": "donec.tincidunt@aol.org",
		"address": "Ap #131-2486 Mauris, Rd."
	},
	{
		"name": "Hakeem Goodman",
		"phone": "1-880-766-5715",
		"email": "et.ultrices@protonmail.net",
		"address": "916-7085 Est. St."
	},
	{
		"name": "Marah Farley",
		"phone": "(843) 738-3286",
		"email": "ultricies@icloud.edu",
		"address": "2437 Placerat Ave"
	},
	{
		"name": "Charity Finley",
		"phone": "1-317-475-8556",
		"email": "diam.eu@google.couk",
		"address": "691-5697 Posuere Av."
	},
	{
		"name": "Bianca O'connor",
		"phone": "1-267-541-3706",
		"email": "rhoncus.proin@outlook.edu",
		"address": "446-4366 Tellus Rd."
	},
	{
		"name": "Lydia Nielsen",
		"phone": "(865) 527-3137",
		"email": "velit.sed@aol.net",
		"address": "Ap #925-8993 Duis Street"
	},
	{
		"name": "Garrett Wilkerson",
		"phone": "1-756-363-8628",
		"email": "curabitur.massa@outlook.org",
		"address": "9499 Risus. St."
	},
	{
		"name": "Cullen Wise",
		"phone": "1-274-824-1664",
		"email": "nullam@yahoo.ca",
		"address": "P.O. Box 735, 6191 Eu, Ave"
	},
	{
		"name": "Colin Rosales",
		"phone": "1-856-458-3369",
		"email": "varius.nam@protonmail.ca",
		"address": "9481 Dapibus Rd."
	},
	{
		"name": "Elizabeth Bradshaw",
		"phone": "(141) 263-6089",
		"email": "nec.orci@icloud.couk",
		"address": "Ap #165-9270 Cursus. Rd."
	},
	{
		"name": "Callie Tillman",
		"phone": "(655) 265-1848",
		"email": "dolor.quam@yahoo.com",
		"address": "561-9549 Vitae Road"
	},
	{
		"name": "Neve Day",
		"phone": "1-756-533-8927",
		"email": "vel.faucibus@yahoo.edu",
		"address": "114-9436 Dolor St."
	},
	{
		"name": "Alice Castaneda",
		"phone": "1-361-314-7548",
		"email": "pede.malesuada.vel@outlook.edu",
		"address": "1942 Massa. St."
	},
	{
		"name": "Cain Porter",
		"phone": "1-343-922-8557",
		"email": "fringilla.purus.mauris@outlook.net",
		"address": "Ap #477-304 Nunc Street"
	},
	{
		"name": "Emmanuel Ellis",
		"phone": "(468) 380-6198",
		"email": "massa.mauris.vestibulum@aol.edu",
		"address": "P.O. Box 699, 174 Est, Road"
	},
	{
		"name": "Cade Schmidt",
		"phone": "1-542-175-3725",
		"email": "aliquam.erat.volutpat@icloud.couk",
		"address": "Ap #251-2352 Ut Ave"
	},
	{
		"name": "Vincent Sweet",
		"phone": "1-240-302-9017",
		"email": "a.magna@protonmail.org",
		"address": "Ap #439-4010 Placerat. Rd."
	},
	{
		"name": "Ruby Waller",
		"phone": "(949) 415-5985",
		"email": "sapien.imperdiet@outlook.ca",
		"address": "650-118 Elit Rd."
	},
	{
		"name": "Forrest Holden",
		"phone": "(584) 283-1248",
		"email": "sit@icloud.ca",
		"address": "Ap #356-7976 Fringilla Avenue"
	},
	{
		"name": "Kiayada Cantrell",
		"phone": "1-174-304-1218",
		"email": "non.arcu.vivamus@icloud.ca",
		"address": "3974 Nisi Rd."
	},
	{
		"name": "Rhoda Chavez",
		"phone": "1-636-221-2621",
		"email": "pede.suspendisse.dui@yahoo.edu",
		"address": "Ap #303-1353 Luctus Street"
	},
	{
		"name": "Samantha Wagner",
		"phone": "(477) 462-5589",
		"email": "eros.proin@outlook.edu",
		"address": "P.O. Box 252, 6012 Mollis. St."
	},
	{
		"name": "Melodie Bean",
		"phone": "1-208-204-4189",
		"email": "sodales.mauris@icloud.couk",
		"address": "8154 Rhoncus. St."
	},
	{
		"name": "Ivor Stewart",
		"phone": "1-441-928-6074",
		"email": "dictum.sapien@outlook.net",
		"address": "Ap #895-3998 Risus St."
	},
	{
		"name": "Lucas Lucas",
		"phone": "(776) 272-2767",
		"email": "mattis.velit.justo@google.org",
		"address": "Ap #908-3506 Diam Avenue"
	},
	{
		"name": "Reese Ellison",
		"phone": "1-341-713-1836",
		"email": "dis.parturient@protonmail.net",
		"address": "5765 Torquent Rd."
	},
	{
		"name": "Bree Estrada",
		"phone": "1-484-622-2853",
		"email": "duis@google.org",
		"address": "1958 Risus. Street"
	},
	{
		"name": "Ursula Dorsey",
		"phone": "(305) 467-6872",
		"email": "tincidunt.congue.turpis@outlook.ca",
		"address": "3118 Ipsum St."
	},
	{
		"name": "Igor Bryan",
		"phone": "1-315-788-8695",
		"email": "nunc.risus.varius@yahoo.net",
		"address": "Ap #553-8116 Duis St."
	},
	{
		"name": "Deborah Reynolds",
		"phone": "(865) 542-6757",
		"email": "ante.dictum@outlook.net",
		"address": "Ap #559-668 Consectetuer Rd."
	},
	{
		"name": "Upton Holt",
		"phone": "1-285-685-2045",
		"email": "mi.pede@icloud.org",
		"address": "P.O. Box 462, 6320 Pede. Av."
	},
	{
		"name": "Nigel Newton",
		"phone": "(236) 587-7478",
		"email": "a@yahoo.net",
		"address": "995-9811 Risus. Street"
	},
	{
		"name": "Alvin Dickerson",
		"phone": "1-667-778-2288",
		"email": "ipsum.suspendisse@yahoo.com",
		"address": "P.O. Box 134, 2891 Et Rd."
	},
	{
		"name": "Ciara Ryan",
		"phone": "(552) 840-5061",
		"email": "tortor.nunc.commodo@icloud.couk",
		"address": "Ap #512-7911 Quisque Rd."
	},
	{
		"name": "Vance White",
		"phone": "(134) 731-5573",
		"email": "metus.in@yahoo.couk",
		"address": "685-629 Ipsum St."
	},
	{
		"name": "Brynn Cannon",
		"phone": "(679) 650-8103",
		"email": "sit@icloud.com",
		"address": "Ap #674-7671 Nunc, Av."
	},
	{
		"name": "Otto Nielsen",
		"phone": "(175) 374-7881",
		"email": "et@outlook.com",
		"address": "Ap #722-5613 Orci Street"
	},
	{
		"name": "Ivy Hurley",
		"phone": "1-451-818-8313",
		"email": "pharetra.nibh.aliquam@aol.edu",
		"address": "Ap #897-1872 Est, Street"
	},
	{
		"name": "Iola Reilly",
		"phone": "1-775-695-3864",
		"email": "eu@icloud.ca",
		"address": "P.O. Box 772, 9046 Id, St."
	},
	{
		"name": "Shellie Blankenship",
		"phone": "(753) 835-1421",
		"email": "proin.nisl.sem@outlook.edu",
		"address": "Ap #370-8466 Fusce Avenue"
	},
	{
		"name": "Beverly Espinoza",
		"phone": "(147) 747-7138",
		"email": "arcu.et.pede@protonmail.org",
		"address": "942-5135 Tortor, St."
	},
	{
		"name": "Zachery Ware",
		"phone": "1-727-813-4489",
		"email": "nunc.sit.amet@yahoo.ca",
		"address": "Ap #773-5990 Imperdiet, Street"
	},
	{
		"name": "George Summers",
		"phone": "(344) 512-3219",
		"email": "varius.ultrices@outlook.net",
		"address": "Ap #601-8739 Urna Rd."
	},
	{
		"name": "Vivian Russo",
		"phone": "1-717-253-2267",
		"email": "quisque@outlook.org",
		"address": "670-4788 Diam Av."
	},
	{
		"name": "Lesley Gay",
		"phone": "(548) 474-3478",
		"email": "cras.eget.nisi@outlook.ca",
		"address": "735-9034 Eu Road"
	},
	{
		"name": "Sonia Morton",
		"phone": "1-832-652-6057",
		"email": "nonummy.ac@hotmail.couk",
		"address": "177-5309 Non Avenue"
	},
	{
		"name": "Avye Dillon",
		"phone": "(247) 335-1163",
		"email": "donec@google.edu",
		"address": "P.O. Box 369, 1939 Non, Av."
	},
	{
		"name": "Chancellor Page",
		"phone": "1-371-206-5214",
		"email": "suspendisse.tristique.neque@yahoo.couk",
		"address": "533-8445 Pellentesque Ave"
	},
	{
		"name": "Malachi Chavez",
		"phone": "1-348-815-7511",
		"email": "cras.pellentesque@hotmail.edu",
		"address": "Ap #808-9168 Porttitor Rd."
	},
	{
		"name": "Russell Murphy",
		"phone": "(481) 996-1652",
		"email": "mauris.morbi@hotmail.couk",
		"address": "Ap #505-7944 Donec Avenue"
	},
	{
		"name": "Paul Castillo",
		"phone": "(676) 783-1200",
		"email": "lacus.quisque@google.com",
		"address": "828-1439 At Av."
	},
	{
		"name": "Kevin Woodward",
		"phone": "1-393-659-8575",
		"email": "metus.aenean@google.com",
		"address": "666-1588 Proin Ave"
	},
	{
		"name": "Larissa Quinn",
		"phone": "(221) 172-9251",
		"email": "integer.urna@aol.net",
		"address": "409-3363 Quisque Road"
	},
	{
		"name": "Mollie Vance",
		"phone": "1-740-573-4143",
		"email": "orci.in.consequat@icloud.com",
		"address": "Ap #541-1372 Semper St."
	},
	{
		"name": "Eagan Finch",
		"phone": "(418) 516-5658",
		"email": "in@hotmail.ca",
		"address": "760-4433 Molestie. Rd."
	},
	{
		"name": "Cedric Santiago",
		"phone": "(743) 244-2211",
		"email": "venenatis@yahoo.net",
		"address": "611-2513 Donec Rd."
	},
	{
		"name": "Josiah Burns",
		"phone": "(255) 949-4233",
		"email": "massa.suspendisse.eleifend@hotmail.couk",
		"address": "6316 Ullamcorper, Rd."
	},
	{
		"name": "Lamar Watkins",
		"phone": "(767) 278-6621",
		"email": "proin@aol.ca",
		"address": "Ap #464-4788 Eget Rd."
	},
	{
		"name": "Francis Chavez",
		"phone": "(375) 166-7385",
		"email": "dis.parturient.montes@outlook.couk",
		"address": "101-8646 A Rd."
	},
	{
		"name": "Lenore Price",
		"phone": "1-426-342-3687",
		"email": "nec@icloud.org",
		"address": "P.O. Box 429, 7547 Odio. St."
	},
	{
		"name": "Cheryl Carey",
		"phone": "1-191-505-5553",
		"email": "turpis.egestas.fusce@icloud.org",
		"address": "9679 Eu Road"
	},
	{
		"name": "Imogene Joyner",
		"phone": "1-866-229-2031",
		"email": "pretium.aliquet.metus@outlook.org",
		"address": "Ap #406-8352 Etiam Rd."
	},
	{
		"name": "Lacey Mullins",
		"phone": "1-275-451-8671",
		"email": "aliquet.libero@protonmail.edu",
		"address": "Ap #293-7515 Consectetuer, Avenue"
	},
	{
		"name": "Ivor Osborn",
		"phone": "(651) 755-2418",
		"email": "vestibulum.ante.ipsum@outlook.com",
		"address": "199-3757 Quam St."
	},
	{
		"name": "Quinn Burnett",
		"phone": "(776) 378-3444",
		"email": "lorem@aol.com",
		"address": "Ap #480-5660 Iaculis Rd."
	},
	{
		"name": "Olivia Maldonado",
		"phone": "(784) 332-9007",
		"email": "magnis.dis@protonmail.ca",
		"address": "5600 Leo Rd."
	},
	{
		"name": "Quamar Dawson",
		"phone": "1-869-214-6273",
		"email": "sit.amet@outlook.edu",
		"address": "659-8026 Senectus Av."
	},
	{
		"name": "Candace Wright",
		"phone": "(556) 757-4019",
		"email": "morbi.neque@aol.edu",
		"address": "P.O. Box 115, 7449 Congue Street"
	},
	{
		"name": "Irene Herrera",
		"phone": "1-316-369-8308",
		"email": "neque@protonmail.couk",
		"address": "905-3821 Libero Road"
	},
	{
		"name": "Colorado Stevens",
		"phone": "(774) 687-1464",
		"email": "proin.velit@icloud.org",
		"address": "P.O. Box 561, 8645 Mauris Av."
	},
	{
		"name": "Kasper Skinner",
		"phone": "(845) 121-3117",
		"email": "at.pede.cras@hotmail.couk",
		"address": "P.O. Box 942, 4232 Dolor St."
	},
	{
		"name": "Lucas Stout",
		"phone": "(612) 422-2888",
		"email": "ut.nec@yahoo.ca",
		"address": "P.O. Box 777, 7380 Quis Avenue"
	},
	{
		"name": "Nicholas Poole",
		"phone": "(317) 777-7680",
		"email": "vivamus.euismod@icloud.com",
		"address": "P.O. Box 949, 1432 Lorem, Road"
	},
	{
		"name": "Armando Nelson",
		"phone": "1-746-530-5506",
		"email": "ultrices.iaculis@hotmail.org",
		"address": "5179 Dictum Avenue"
	},
	{
		"name": "Nadine Pate",
		"phone": "(161) 948-5563",
		"email": "placerat.orci.lacus@yahoo.edu",
		"address": "P.O. Box 889, 5648 Placerat Street"
	},
	{
		"name": "Brenden Williams",
		"phone": "(158) 336-8233",
		"email": "consectetuer.cursus@protonmail.ca",
		"address": "P.O. Box 537, 6922 Eu, Av."
	},
	{
		"name": "Asher Cooley",
		"phone": "1-424-671-1874",
		"email": "nunc.sollicitudin.commodo@yahoo.ca",
		"address": "585-195 Nam Rd."
	},
	{
		"name": "Glenna Reyes",
		"phone": "1-728-305-4268",
		"email": "feugiat.lorem@icloud.ca",
		"address": "Ap #295-8067 Tincidunt Rd."
	},
	{
		"name": "Mufutau Battle",
		"phone": "1-815-945-5548",
		"email": "quis.lectus@icloud.org",
		"address": "2532 Nisl. St."
	},
	{
		"name": "Madonna Kirby",
		"phone": "1-472-544-6438",
		"email": "praesent.luctus@outlook.ca",
		"address": "859-7774 Orci, St."
	},
	{
		"name": "Flavia Prince",
		"phone": "1-824-388-0881",
		"email": "neque.nullam@icloud.net",
		"address": "548-7016 Dolor Avenue"
	},
	{
		"name": "Gretchen Manning",
		"phone": "(486) 628-1966",
		"email": "nonummy.ac@aol.org",
		"address": "631-8767 Egestas St."
	},
	{
		"name": "Octavius Forbes",
		"phone": "1-934-980-0941",
		"email": "sed.auctor@outlook.net",
		"address": "240-3357 Sit Rd."
	},
	{
		"name": "Josiah Ruiz",
		"phone": "1-567-949-3380",
		"email": "parturient.montes@google.edu",
		"address": "868-3856 Nibh Road"
	},
	{
		"name": "Jeremy Riggs",
		"phone": "1-713-670-9668",
		"email": "cum@yahoo.edu",
		"address": "Ap #646-1315 Enim St."
	},
	{
		"name": "Kato Mann",
		"phone": "(428) 664-5172",
		"email": "porta.elit@icloud.org",
		"address": "Ap #360-5686 Donec Avenue"
	},
	{
		"name": "Trevor Mcfarland",
		"phone": "(647) 786-0547",
		"email": "mauris.morbi.non@protonmail.couk",
		"address": "883-2421 Lectus Road"
	},
	{
		"name": "Ivana Colon",
		"phone": "1-813-459-8607",
		"email": "at.nisi@outlook.net",
		"address": "Ap #829-6583 Vel, Ave"
	},
	{
		"name": "Ciara Hurley",
		"phone": "1-666-395-9721",
		"email": "laoreet.posuere@yahoo.com",
		"address": "890-7533 Fermentum Ave"
	},
	{
		"name": "Kylie Shannon",
		"phone": "1-346-815-3150",
		"email": "leo.cras@yahoo.edu",
		"address": "Ap #110-9687 Sem, Ave"
	},
	{
		"name": "Lee Ratliff",
		"phone": "(631) 922-6856",
		"email": "id.libero@aol.ca",
		"address": "5425 Quisque Ave"
	},
	{
		"name": "Dieter Dickerson",
		"phone": "1-845-562-6555",
		"email": "morbi.vehicula@hotmail.couk",
		"address": "335-9822 Euismod Av."
	},
	{
		"name": "Coby Stein",
		"phone": "1-376-642-0590",
		"email": "luctus.et.ultrices@outlook.couk",
		"address": "Ap #537-3998 Nec Road"
	},
	{
		"name": "Yen Brady",
		"phone": "(112) 674-8763",
		"email": "euismod.mauris.eu@google.com",
		"address": "P.O. Box 664, 8762 Ac, St."
	},
	{
		"name": "Wendy Griffin",
		"phone": "(354) 255-1687",
		"email": "hendrerit.donec@outlook.couk",
		"address": "Ap #214-1345 Faucibus Street"
	},
	{
		"name": "Aquila Mann",
		"phone": "1-455-828-9871",
		"email": "nonummy.ultricies@hotmail.couk",
		"address": "620-3718 Id, Avenue"
	},
	{
		"name": "Hyacinth Alexander",
		"phone": "(864) 871-1661",
		"email": "tincidunt.nibh@icloud.ca",
		"address": "Ap #520-221 Lacinia Ave"
	},
	{
		"name": "Gillian Rhodes",
		"phone": "(453) 443-1773",
		"email": "quis@yahoo.ca",
		"address": "P.O. Box 516, 6932 Fringilla. Street"
	},
	{
		"name": "Phoebe Sampson",
		"phone": "(280) 215-8876",
		"email": "mauris.morbi.non@hotmail.org",
		"address": "Ap #590-4025 Elementum Avenue"
	},
	{
		"name": "Stacey Graham",
		"phone": "(593) 503-2067",
		"email": "amet.luctus@yahoo.edu",
		"address": "8576 Vitae, Road"
	},
	{
		"name": "Daphne Walls",
		"phone": "(937) 814-2358",
		"email": "diam.eu.dolor@protonmail.edu",
		"address": "Ap #258-9237 Cras Rd."
	},
	{
		"name": "Noel Cline",
		"phone": "1-751-684-1483",
		"email": "libero@yahoo.ca",
		"address": "201-7387 Lorem Av."
	},
	{
		"name": "Paula Benjamin",
		"phone": "1-376-231-4384",
		"email": "posuere.cubilia.curae@google.edu",
		"address": "Ap #153-9589 Cursus Ave"
	},
	{
		"name": "Karen Shannon",
		"phone": "1-311-663-6686",
		"email": "neque.nullam@protonmail.net",
		"address": "Ap #904-2882 Elit St."
	},
	{
		"name": "Colby Shelton",
		"phone": "1-396-713-4908",
		"email": "nulla@hotmail.com",
		"address": "1487 Nisl Av."
	},
	{
		"name": "Moana Compton",
		"phone": "1-822-231-7421",
		"email": "adipiscing.elit@google.org",
		"address": "1020 Tempus St."
	},
	{
		"name": "Avye Cummings",
		"phone": "(255) 252-3878",
		"email": "primis.in.faucibus@icloud.couk",
		"address": "855-1694 Aenean Ave"
	},
	{
		"name": "Talon Patton",
		"phone": "(354) 271-7027",
		"email": "quam@protonmail.couk",
		"address": "Ap #937-6603 Turpis. Street"
	},
	{
		"name": "Jasper Bush",
		"phone": "1-511-312-5451",
		"email": "ac.mattis@aol.edu",
		"address": "4193 Iaculis Road"
	},
	{
		"name": "Aidan Clayton",
		"phone": "1-553-586-9726",
		"email": "urna.vivamus@protonmail.com",
		"address": "468-5290 Lacus. Ave"
	},
	{
		"name": "Ryan Davis",
		"phone": "1-733-818-0417",
		"email": "et@icloud.couk",
		"address": "P.O. Box 285, 8538 Sociosqu Rd."
	},
	{
		"name": "Quin Green",
		"phone": "1-664-702-3055",
		"email": "ut@yahoo.edu",
		"address": "P.O. Box 844, 364 A Rd."
	},
	{
		"name": "Adele Mcclure",
		"phone": "1-288-847-1318",
		"email": "sit.amet.ornare@aol.org",
		"address": "Ap #753-1375 A St."
	},
	{
		"name": "Noelani Mcintyre",
		"phone": "1-737-456-4481",
		"email": "elit@aol.org",
		"address": "838-6955 Ut, Ave"
	},
	{
		"name": "Ocean Sharp",
		"phone": "1-919-531-8554",
		"email": "nec.ante.maecenas@aol.edu",
		"address": "929-1076 Fringilla Avenue"
	},
	{
		"name": "Coby Hunter",
		"phone": "(468) 738-8509",
		"email": "odio.tristique.pharetra@outlook.org",
		"address": "P.O. Box 314, 8347 Iaculis Street"
	},
	{
		"name": "Scarlett Pruitt",
		"phone": "(814) 288-9487",
		"email": "ligula@yahoo.com",
		"address": "P.O. Box 206, 1642 Ridiculus Rd."
	},
	{
		"name": "Sasha Atkinson",
		"phone": "(292) 274-8573",
		"email": "ipsum.sodales@outlook.ca",
		"address": "P.O. Box 764, 4469 Lorem, Ave"
	},
	{
		"name": "Gil Gallagher",
		"phone": "1-206-732-4512",
		"email": "est@yahoo.ca",
		"address": "414-9273 Placerat Avenue"
	},
	{
		"name": "Ira Hoffman",
		"phone": "(527) 373-8654",
		"email": "cras.interdum@aol.net",
		"address": "9521 Molestie. Road"
	},
	{
		"name": "Sacha Santiago",
		"phone": "(664) 725-6430",
		"email": "praesent.eu.dui@icloud.ca",
		"address": "Ap #973-4957 Non, Road"
	},
	{
		"name": "Conan Holder",
		"phone": "(285) 968-1665",
		"email": "amet.massa.quisque@protonmail.org",
		"address": "328-7323 Donec Rd."
	},
	{
		"name": "Kaseem Greer",
		"phone": "1-632-733-5685",
		"email": "sodales@protonmail.org",
		"address": "P.O. Box 194, 3887 Gravida. Ave"
	},
	{
		"name": "Geraldine Lloyd",
		"phone": "(343) 358-7392",
		"email": "arcu.vestibulum.ut@outlook.com",
		"address": "389-6339 Quisque Av."
	},
	{
		"name": "Joy Holloway",
		"phone": "1-464-611-1678",
		"email": "sapien.cras.dolor@protonmail.couk",
		"address": "856-1583 Sit St."
	},
	{
		"name": "Sheila Bishop",
		"phone": "1-192-435-0086",
		"email": "lectus@protonmail.org",
		"address": "5418 Non St."
	},
	{
		"name": "Sybill Marks",
		"phone": "1-888-611-5654",
		"email": "in@yahoo.net",
		"address": "Ap #799-2457 Amet, Rd."
	},
	{
		"name": "Natalie Haney",
		"phone": "(245) 766-0501",
		"email": "risus@outlook.com",
		"address": "480-7784 Felis, St."
	},
	{
		"name": "Oleg Beasley",
		"phone": "(657) 922-4140",
		"email": "mauris.quis@icloud.net",
		"address": "140-8055 Pellentesque Avenue"
	},
	{
		"name": "Hanna Byers",
		"phone": "1-296-838-2930",
		"email": "nonummy.ipsum.non@outlook.net",
		"address": "626-1221 Sagittis Road"
	},
	{
		"name": "Nayda Dunlap",
		"phone": "1-542-664-4355",
		"email": "scelerisque.neque@hotmail.edu",
		"address": "Ap #747-3188 Vestibulum St."
	},
	{
		"name": "Alden Andrews",
		"phone": "(459) 484-4465",
		"email": "habitant@yahoo.couk",
		"address": "Ap #686-2936 Mattis Rd."
	},
	{
		"name": "Mona Marshall",
		"phone": "1-666-572-9871",
		"email": "etiam.imperdiet.dictum@google.ca",
		"address": "P.O. Box 270, 9989 Quis Street"
	},
	{
		"name": "Kennedy Morrison",
		"phone": "1-468-577-8171",
		"email": "eu.euismod@aol.ca",
		"address": "P.O. Box 694, 3775 Egestas St."
	},
	{
		"name": "Armando Pope",
		"phone": "(636) 356-2715",
		"email": "proin.sed.turpis@outlook.ca",
		"address": "580-2487 Augue St."
	},
	{
		"name": "Thomas Johnson",
		"phone": "1-544-326-7849",
		"email": "eget.ipsum@aol.com",
		"address": "3050 Pharetra Street"
	},
	{
		"name": "Margaret Meyer",
		"phone": "(378) 546-9528",
		"email": "magna@icloud.ca",
		"address": "8684 Orci, Rd."
	},
	{
		"name": "Phillip Mclaughlin",
		"phone": "(467) 735-2265",
		"email": "nascetur.ridiculus@outlook.ca",
		"address": "Ap #253-8944 Rhoncus. Street"
	},
	{
		"name": "Kelly Sears",
		"phone": "(313) 183-4067",
		"email": "adipiscing.lobortis@icloud.ca",
		"address": "Ap #700-3657 Lacinia Street"
	},
	{
		"name": "Cecilia Farley",
		"phone": "1-342-627-3537",
		"email": "dolor@google.edu",
		"address": "P.O. Box 812, 2207 Pede, Av."
	},
	{
		"name": "Kennan Riggs",
		"phone": "(168) 308-1631",
		"email": "nulla@hotmail.edu",
		"address": "Ap #519-6671 Urna Rd."
	},
	{
		"name": "Philip Navarro",
		"phone": "1-138-394-6037",
		"email": "sem.mollis.dui@icloud.ca",
		"address": "246 Turpis. Rd."
	},
	{
		"name": "Sylvia Rodriquez",
		"phone": "1-821-919-7885",
		"email": "orci.phasellus@google.ca",
		"address": "P.O. Box 618, 887 Enim. Street"
	},
	{
		"name": "Elton Sellers",
		"phone": "(477) 572-2231",
		"email": "non@icloud.org",
		"address": "Ap #213-3046 Turpis Rd."
	},
	{
		"name": "Kirk Abbott",
		"phone": "1-971-745-0179",
		"email": "aliquet.libero@outlook.net",
		"address": "Ap #784-4684 In Road"
	},
	{
		"name": "Latifah Silva",
		"phone": "(243) 566-0778",
		"email": "sed.dolor@protonmail.ca",
		"address": "Ap #205-5764 Pretium St."
	},
	{
		"name": "Heather Franklin",
		"phone": "1-238-882-8711",
		"email": "dapibus@yahoo.couk",
		"address": "P.O. Box 205, 3395 Suspendisse St."
	},
	{
		"name": "Wade Dejesus",
		"phone": "(459) 344-7636",
		"email": "imperdiet.non@icloud.net",
		"address": "Ap #436-8472 Lectus. Ave"
	},
	{
		"name": "Wang Chen",
		"phone": "1-982-327-7832",
		"email": "aliquet.vel.vulputate@aol.net",
		"address": "692-1571 Enim St."
	},
	{
		"name": "Shoshana Hines",
		"phone": "(435) 430-2471",
		"email": "mollis@outlook.edu",
		"address": "6959 Volutpat. Avenue"
	},
	{
		"name": "Rhonda Jackson",
		"phone": "1-131-182-9689",
		"email": "lorem.eget@yahoo.com",
		"address": "Ap #574-3140 Dis Ave"
	},
	{
		"name": "Piper Wood",
		"phone": "(495) 611-6391",
		"email": "neque@aol.org",
		"address": "4250 Nibh. Rd."
	},
	{
		"name": "Stacy Wood",
		"phone": "(428) 511-5437",
		"email": "velit.aliquam@protonmail.couk",
		"address": "Ap #479-4921 Nam Avenue"
	},
	{
		"name": "Joan Parker",
		"phone": "(265) 463-7326",
		"email": "proin.nisl.sem@icloud.couk",
		"address": "Ap #553-1027 Malesuada Avenue"
	},
	{
		"name": "Georgia Kane",
		"phone": "1-269-523-5917",
		"email": "nulla.facilisis@hotmail.couk",
		"address": "P.O. Box 822, 305 Sollicitudin Av."
	},
	{
		"name": "Kylie Ayala",
		"phone": "(807) 502-5967",
		"email": "sapien.nunc@google.com",
		"address": "Ap #291-3861 Bibendum Rd."
	},
	{
		"name": "Garth Rowland",
		"phone": "1-706-167-1409",
		"email": "nec.orci@hotmail.net",
		"address": "P.O. Box 704, 8230 A Ave"
	},
	{
		"name": "Blake Hogan",
		"phone": "1-612-337-6734",
		"email": "dictum.phasellus@google.ca",
		"address": "Ap #861-171 Magna. Rd."
	},
	{
		"name": "Maya Newman",
		"phone": "(860) 622-1460",
		"email": "sed.dolor@protonmail.com",
		"address": "Ap #127-7951 Aliquam Avenue"
	},
	{
		"name": "Merrill Raymond",
		"phone": "(216) 366-6583",
		"email": "lorem.donec@protonmail.edu",
		"address": "921-4212 Blandit Road"
	},
	{
		"name": "Heather Moon",
		"phone": "(660) 375-1224",
		"email": "nisi.dictum.augue@outlook.net",
		"address": "Ap #150-2383 Consectetuer St."
	},
	{
		"name": "Emerald Henderson",
		"phone": "1-331-845-8641",
		"email": "libero@aol.org",
		"address": "Ap #514-7089 Dui Avenue"
	},
	{
		"name": "Quinlan Frank",
		"phone": "1-964-103-0883",
		"email": "at.risus.nunc@icloud.ca",
		"address": "9844 Dui. St."
	},
	{
		"name": "Mona Davenport",
		"phone": "(822) 273-1113",
		"email": "risus@google.edu",
		"address": "218-2140 Proin St."
	},
	{
		"name": "Tallulah Reese",
		"phone": "1-681-512-7170",
		"email": "mauris.eu.elit@yahoo.net",
		"address": "Ap #560-2782 Mauris St."
	},
	{
		"name": "Leandra Schwartz",
		"phone": "(525) 837-5527",
		"email": "ligula@aol.edu",
		"address": "238-9722 Tellus Rd."
	},
	{
		"name": "Rylee Walters",
		"phone": "1-538-476-6258",
		"email": "maecenas@icloud.org",
		"address": "Ap #429-4362 Ligula. St."
	},
	{
		"name": "Christopher Lamb",
		"phone": "(558) 290-1908",
		"email": "mi.aliquam.gravida@outlook.ca",
		"address": "810-6258 Molestie Street"
	},
	{
		"name": "Wynter Richard",
		"phone": "(812) 828-0036",
		"email": "proin.velit@aol.edu",
		"address": "423-3692 Auctor Av."
	},
	{
		"name": "Samuel Kaufman",
		"phone": "(214) 635-7270",
		"email": "scelerisque.scelerisque.dui@outlook.ca",
		"address": "816-8791 Taciti Av."
	},
	{
		"name": "Prescott Hooper",
		"phone": "1-152-265-5688",
		"email": "risus.donec@google.com",
		"address": "9782 Amet Ave"
	},
	{
		"name": "Justina Underwood",
		"phone": "(484) 775-4755",
		"email": "tristique.senectus@outlook.net",
		"address": "180-2120 Mauris Av."
	},
	{
		"name": "Elizabeth Grant",
		"phone": "1-187-265-3080",
		"email": "quis.massa@aol.couk",
		"address": "301-9844 Cras St."
	},
	{
		"name": "Oscar Barrera",
		"phone": "1-958-124-3379",
		"email": "porttitor.interdum@yahoo.ca",
		"address": "Ap #878-971 Enim Road"
	},
	{
		"name": "Florence Stafford",
		"phone": "1-342-720-2129",
		"email": "mauris.eu@outlook.com",
		"address": "Ap #804-6941 Et Avenue"
	},
	{
		"name": "Karyn Sanchez",
		"phone": "(555) 738-4574",
		"email": "quis.pede@google.couk",
		"address": "Ap #309-156 Sit Rd."
	},
	{
		"name": "Chastity Mathews",
		"phone": "1-477-127-3836",
		"email": "sagittis.placerat.cras@icloud.com",
		"address": "Ap #956-7930 Curae Avenue"
	},
	{
		"name": "Nevada Herman",
		"phone": "(697) 887-7830",
		"email": "pellentesque.tellus@aol.couk",
		"address": "5391 Dolor St."
	},
	{
		"name": "Oleg Chan",
		"phone": "(497) 761-3616",
		"email": "cras.convallis@hotmail.couk",
		"address": "Ap #138-6025 Tincidunt, Rd."
	},
	{
		"name": "Armand Olson",
		"phone": "1-659-867-8453",
		"email": "augue.eu@hotmail.net",
		"address": "6084 Eu St."
	},
	{
		"name": "Alika Lucas",
		"phone": "(152) 607-7865",
		"email": "lacus.pede@outlook.edu",
		"address": "804-9068 Donec St."
	},
	{
		"name": "Macon Pittman",
		"phone": "1-708-412-8531",
		"email": "hendrerit.id@aol.couk",
		"address": "940-6333 Et Avenue"
	},
	{
		"name": "Sarah Suarez",
		"phone": "(922) 530-8625",
		"email": "curabitur.massa@protonmail.ca",
		"address": "Ap #861-498 Rutrum Av."
	},
	{
		"name": "Ralph Madden",
		"phone": "(523) 827-4711",
		"email": "sed.eu.eros@icloud.org",
		"address": "297-1417 Lacinia. Road"
	},
	{
		"name": "Ignacia Fleming",
		"phone": "1-424-283-6156",
		"email": "ante@hotmail.couk",
		"address": "Ap #273-1870 Sed Street"
	},
	{
		"name": "Candice Kim",
		"phone": "(743) 551-3413",
		"email": "in.condimentum.donec@protonmail.org",
		"address": "758-190 Sed Avenue"
	},
	{
		"name": "Yeo Perkins",
		"phone": "(422) 272-3225",
		"email": "quam.dignissim@aol.net",
		"address": "626-2249 Cursus St."
	},
	{
		"name": "Gillian Bartlett",
		"phone": "1-376-592-9877",
		"email": "leo@hotmail.org",
		"address": "Ap #508-8976 Mi Rd."
	},
	{
		"name": "Kevin Holmes",
		"phone": "(195) 918-0864",
		"email": "eu.ligula@google.net",
		"address": "P.O. Box 693, 8668 Vestibulum, Rd."
	}
]